CustomerID,FirstName,LastName,Email,CreditCardNumber,Attachments,Country
CUST000001,Scott,Smith,scott.smith@gmail.com,3531333170865619,/opt/airflow/data/incomingcsv/transaction_CUST000001.pdf,Japan
CUST000002,Kimberly,Vargas,kimberly.vargas@outlook.com,376572146389790,/opt/airflow/data/incomingcsv/transaction_CUST000002.pdf,Japan
CUST000003,Kayla,Wright,kayla.wright@yahoo.com,3539285691890413,/opt/airflow/data/incomingcsv/transaction_CUST000003.pdf,Japan
CUST000004,Harry,Miranda,harry.miranda@example.com,3507661645916702,/opt/airflow/data/incomingcsv/transaction_CUST000004.pdf,Japan
CUST000005,Pamela,Chen,pamela.chen@gmail.com,6011978400241809,/opt/airflow/data/incomingcsv/transaction_CUST000005.pdf,Japan
CUST000006,Roy,Scott,roy.scott@yahoo.com,4.05380849599179E+018,/opt/airflow/data/incomingcsv/transaction_CUST000006.pdf,Japan
CUST000007,Christopher,Davis,christopher.davis@outlook.com,4961881236631,/opt/airflow/data/incomingcsv/transaction_CUST000007.pdf,Japan
CUST000008,Jennifer,Ramirez,jennifer.ramirez@yahoo.com,2648683372772720,/opt/airflow/data/incomingcsv/transaction_CUST000008.pdf,Japan
CUST000009,Elizabeth,Adams,elizabeth.adams@example.com,4.45449343175704E+018,/opt/airflow/data/incomingcsv/transaction_CUST000009.pdf,Japan
CUST000010,Brian,Brown,brian.brown@outlook.com,4059645241438831,/opt/airflow/data/incomingcsv/transaction_CUST000010.pdf,Japan
CUST000011,Bethany,Hines,bethany.hines@outlook.com,213141489810908,/opt/airflow/data/incomingcsv/transaction_CUST000011.pdf,Japan
CUST000012,Carol,Krause,carol.krause@outlook.com,4.02790237514306E+018,/opt/airflow/data/incomingcsv/transaction_CUST000012.pdf,Japan
CUST000013,Jenny,Thompson,jenny.thompson@gmail.com,6011690601938360,/opt/airflow/data/incomingcsv/transaction_CUST000013.pdf,Japan
CUST000014,Lori,Walker,lori.walker@outlook.com,4033988845540235,/opt/airflow/data/incomingcsv/transaction_CUST000014.pdf,Japan
CUST000015,Andrea,Jones,andrea.jones@yahoo.com,6554920206161917,/opt/airflow/data/incomingcsv/transaction_CUST000015.pdf,Japan
CUST000016,Nicole,Hobbs,nicole.hobbs@example.com,6578352311700110,/opt/airflow/data/incomingcsv/transaction_CUST000016.pdf,Japan
CUST000017,Jennifer,Johnson,jennifer.johnson@example.com,36329597581348,/opt/airflow/data/incomingcsv/transaction_CUST000017.pdf,Japan
CUST000018,Rachel,Mcclain,rachel.mcclain@example.com,4.41936750796818E+018,/opt/airflow/data/incomingcsv/transaction_CUST000018.pdf,Japan
CUST000019,Kristin,Welch,kristin.welch@gmail.com,4.34042719620646E+018,/opt/airflow/data/incomingcsv/transaction_CUST000019.pdf,Japan
CUST000020,Nicholas,Perry,nicholas.perry@gmail.com,4752332241564912,/opt/airflow/data/incomingcsv/transaction_CUST000020.pdf,Japan
CUST000021,Elizabeth,Russell,elizabeth.russell@outlook.com,3550933724709282,/opt/airflow/data/incomingcsv/transaction_CUST000021.pdf,Japan
CUST000022,Tami,Butler,tami.butler@gmail.com,180068420308230,/opt/airflow/data/incomingcsv/transaction_CUST000022.pdf,Japan
CUST000023,Samuel,Strickland,samuel.strickland@outlook.com,213108137376947,/opt/airflow/data/incomingcsv/transaction_CUST000023.pdf,Japan
CUST000024,Troy,King,troy.king@outlook.com,4166547193393420,/opt/airflow/data/incomingcsv/transaction_CUST000024.pdf,Japan
CUST000025,Jacob,Turner,jacob.turner@yahoo.com,30248585460339,/opt/airflow/data/incomingcsv/transaction_CUST000025.pdf,Japan
CUST000026,Kenneth,Gaines,kenneth.gaines@outlook.com,4475673518478096,/opt/airflow/data/incomingcsv/transaction_CUST000026.pdf,Japan
CUST000027,Kelli,Hayes,kelli.hayes@yahoo.com,501889133317,/opt/airflow/data/incomingcsv/transaction_CUST000027.pdf,Japan
CUST000028,Nichole,Romero,nichole.romero@example.com,4543214613676,/opt/airflow/data/incomingcsv/transaction_CUST000028.pdf,Japan
CUST000029,Jeremy,Palmer,jeremy.palmer@yahoo.com,503823378073,/opt/airflow/data/incomingcsv/transaction_CUST000029.pdf,Japan
CUST000030,Paul,Ruiz,paul.ruiz@gmail.com,4850463285422427,/opt/airflow/data/incomingcsv/transaction_CUST000030.pdf,Japan
CUST000031,Janice,Farmer,janice.farmer@yahoo.com,4.88809608086268E+018,/opt/airflow/data/incomingcsv/transaction_CUST000031.pdf,Albania 
CUST000032,Jessica,Mcintyre,jessica.mcintyre@gmail.com,4.09482496090795E+018,/opt/airflow/data/incomingcsv/transaction_CUST000032.pdf,Albania 
CUST000033,Kathryn,Bryant,kathryn.bryant@yahoo.com,4916290451528,/opt/airflow/data/incomingcsv/transaction_CUST000033.pdf,Albania 
CUST000034,Jennifer,Combs,jennifer.combs@example.com,676199518447,/opt/airflow/data/incomingcsv/transaction_CUST000034.pdf,Albania 
CUST000035,Bradley,Woods,bradley.woods@example.com,2279056726354931,/opt/airflow/data/incomingcsv/transaction_CUST000035.pdf,Albania 
CUST000036,Mathew,Hart,mathew.hart@outlook.com,3536354799247133,/opt/airflow/data/incomingcsv/transaction_CUST000036.pdf,Albania 
CUST000037,Paul,Hall,paul.hall@outlook.com,4959763412050474,/opt/airflow/data/incomingcsv/transaction_CUST000037.pdf,Albania 
CUST000038,James,Archer,james.archer@example.com,2235210854768908,/opt/airflow/data/incomingcsv/transaction_CUST000038.pdf,Albania 
CUST000039,Rebecca,Serrano,rebecca.serrano@gmail.com,3540067901827329,/opt/airflow/data/incomingcsv/transaction_CUST000039.pdf,Albania 
CUST000040,Christian,Hernandez,christian.hernandez@outlook.com,4141077336550223,/opt/airflow/data/incomingcsv/transaction_CUST000040.pdf,Albania 
CUST000041,Tracy,Baird,tracy.baird@outlook.com,4.67871723224374E+018,/opt/airflow/data/incomingcsv/transaction_CUST000041.pdf,Albania 
CUST000042,Tony,Nichols,tony.nichols@example.com,213102510927509,/opt/airflow/data/incomingcsv/transaction_CUST000042.pdf,Albania 
CUST000043,Valerie,Kelly,valerie.kelly@example.com,4064428935284,/opt/airflow/data/incomingcsv/transaction_CUST000043.pdf,Albania 
CUST000044,Anthony,Munoz,anthony.munoz@example.com,4121892672099591,/opt/airflow/data/incomingcsv/transaction_CUST000044.pdf,Albania 
CUST000045,Dawn,Johnson,dawn.johnson@example.com,377911426705995,/opt/airflow/data/incomingcsv/transaction_CUST000045.pdf,Albania 
CUST000046,Emily,Sanchez,emily.sanchez@outlook.com,213115517929179,/opt/airflow/data/incomingcsv/transaction_CUST000046.pdf,Albania 
CUST000047,Christina,Hill,christina.hill@gmail.com,3586116496335308,/opt/airflow/data/incomingcsv/transaction_CUST000047.pdf,Albania 
CUST000048,Joseph,Smith,joseph.smith@outlook.com,639034534664,/opt/airflow/data/incomingcsv/transaction_CUST000048.pdf,Albania 
CUST000049,Renee,Haynes,renee.haynes@outlook.com,180089870386021,/opt/airflow/data/incomingcsv/transaction_CUST000049.pdf,Albania 
CUST000050,Amanda,Brown,amanda.brown@example.com,572127054292,/opt/airflow/data/incomingcsv/transaction_CUST000050.pdf,Albania 
CUST000051,Heather,Smith,heather.smith@gmail.com,4010714039192998,/opt/airflow/data/incomingcsv/transaction_CUST000051.pdf,Australia
CUST000052,Joseph,Wilson,joseph.wilson@yahoo.com,4279667317110452,/opt/airflow/data/incomingcsv/transaction_CUST000052.pdf,Australia
CUST000053,Caleb,Short,caleb.short@gmail.com,2297047159129096,/opt/airflow/data/incomingcsv/transaction_CUST000053.pdf,Australia
CUST000054,Karen,Walton,karen.walton@yahoo.com,30201041676832,/opt/airflow/data/incomingcsv/transaction_CUST000054.pdf,Australia
CUST000055,Christian,Joseph,christian.joseph@example.com,30173134973451,/opt/airflow/data/incomingcsv/transaction_CUST000055.pdf,Australia
CUST000056,Joseph,Cook,joseph.cook@outlook.com,6560341299660305,/opt/airflow/data/incomingcsv/transaction_CUST000056.pdf,Australia
CUST000057,Dalton,Rubio,dalton.rubio@gmail.com,3564373483071307,/opt/airflow/data/incomingcsv/transaction_CUST000057.pdf,Australia
CUST000058,Mariah,Harris,mariah.harris@gmail.com,376715535271182,/opt/airflow/data/incomingcsv/transaction_CUST000058.pdf,Australia
CUST000059,Stephanie,Mack,stephanie.mack@gmail.com,4299226818056,/opt/airflow/data/incomingcsv/transaction_CUST000059.pdf,Australia
CUST000060,Christopher,Manning,christopher.manning@example.com,213170256924832,/opt/airflow/data/incomingcsv/transaction_CUST000060.pdf,Australia
CUST000061,Eric,Brown,eric.brown@example.com,503828422546,/opt/airflow/data/incomingcsv/transaction_CUST000061.pdf,Australia
CUST000062,Jason,Ewing,jason.ewing@yahoo.com,4311297167592,/opt/airflow/data/incomingcsv/transaction_CUST000062.pdf,Japan
CUST000063,Amber,Riley,amber.riley@gmail.com,346995608754465,/opt/airflow/data/incomingcsv/transaction_CUST000063.pdf,Japan
CUST000064,Michael,Wilson,michael.wilson@outlook.com,180041655618235,/opt/airflow/data/incomingcsv/transaction_CUST000064.pdf,Japan
CUST000065,Shannon,Taylor,shannon.taylor@gmail.com,4557955958391629,/opt/airflow/data/incomingcsv/transaction_CUST000065.pdf,Japan
CUST000066,Robert,Adams,robert.adams@gmail.com,373356374725872,/opt/airflow/data/incomingcsv/transaction_CUST000066.pdf,Japan
CUST000067,David,Jackson,david.jackson@gmail.com,3560369658716670,/opt/airflow/data/incomingcsv/transaction_CUST000067.pdf,Japan
CUST000068,Devin,Oconnor,devin.oconnor@outlook.com,3599712405257313,/opt/airflow/data/incomingcsv/transaction_CUST000068.pdf,Japan
CUST000069,Heather,Alvarez,heather.alvarez@example.com,4257834669008520,/opt/airflow/data/incomingcsv/transaction_CUST000069.pdf,Japan
CUST000070,Karen,Roberts,karen.roberts@example.com,4473458932119811,/opt/airflow/data/incomingcsv/transaction_CUST000070.pdf,Japan
CUST000071,Ashley,Daniels,ashley.daniels@example.com,2292512570275690,/opt/airflow/data/incomingcsv/transaction_CUST000071.pdf,Japan
CUST000072,Jennifer,Thompson,jennifer.thompson@example.com,3513372009849271,/opt/airflow/data/incomingcsv/transaction_CUST000072.pdf,Japan
CUST000073,Christopher,Fox,christopher.fox@example.com,6568344488415202,/opt/airflow/data/incomingcsv/transaction_CUST000073.pdf,Japan
CUST000074,Lawrence,Joseph,lawrence.joseph@outlook.com,4953817021647512,/opt/airflow/data/incomingcsv/transaction_CUST000074.pdf,Japan
CUST000075,Thomas,Andrade,thomas.andrade@yahoo.com,213142761927493,/opt/airflow/data/incomingcsv/transaction_CUST000075.pdf,Japan
CUST000076,Jeffery,Scott,jeffery.scott@yahoo.com,213129362348542,/opt/airflow/data/incomingcsv/transaction_CUST000076.pdf,Japan
CUST000077,Tammy,Evans,tammy.evans@outlook.com,630482722596,/opt/airflow/data/incomingcsv/transaction_CUST000077.pdf,Japan
CUST000078,Justin,Williams,justin.williams@example.com,4480091620553016,/opt/airflow/data/incomingcsv/transaction_CUST000078.pdf,Japan
CUST000079,Erik,Morris,erik.morris@example.com,4203259544009086,/opt/airflow/data/incomingcsv/transaction_CUST000079.pdf,Canada
CUST000080,Kelly,Harris,kelly.harris@yahoo.com,3551499991671216,/opt/airflow/data/incomingcsv/transaction_CUST000080.pdf,Canada
CUST000081,Alex,Moore,alex.moore@example.com,213141501127489,/opt/airflow/data/incomingcsv/transaction_CUST000081.pdf,Canada
CUST000082,David,Gonzalez,david.gonzalez@outlook.com,180062999729645,/opt/airflow/data/incomingcsv/transaction_CUST000082.pdf,Canada
CUST000083,Tracey,Payne,tracey.payne@yahoo.com,213148984453134,/opt/airflow/data/incomingcsv/transaction_CUST000083.pdf,Canada
CUST000084,Nicole,Jackson,nicole.jackson@example.com,3501330950807437,/opt/airflow/data/incomingcsv/transaction_CUST000084.pdf,Canada
CUST000085,Sara,Perez,sara.perez@example.com,3534115418213083,/opt/airflow/data/incomingcsv/transaction_CUST000085.pdf,Canada
CUST000086,Sarah,Thompson,sarah.thompson@outlook.com,4379768562707296,/opt/airflow/data/incomingcsv/transaction_CUST000086.pdf,Canada
CUST000087,Benjamin,Williamson,benjamin.williamson@outlook.com,4028309292173759,/opt/airflow/data/incomingcsv/transaction_CUST000087.pdf,Canada
CUST000088,Lindsey,Ryan,lindsey.ryan@yahoo.com,3518141289191448,/opt/airflow/data/incomingcsv/transaction_CUST000088.pdf,Canada
CUST000089,Kelly,Warren,kelly.warren@outlook.com,5352980385832072,/opt/airflow/data/incomingcsv/transaction_CUST000089.pdf,Canada
CUST000090,Pam,Wells,pam.wells@example.com,3561552887982796,/opt/airflow/data/incomingcsv/transaction_CUST000090.pdf,Canada
CUST000091,David,Robinson,david.robinson@gmail.com,4144776883239505,/opt/airflow/data/incomingcsv/transaction_CUST000091.pdf,Canada
CUST000092,Emily,Knight,emily.knight@outlook.com,502040011061,/opt/airflow/data/incomingcsv/transaction_CUST000092.pdf,Canada
CUST000093,George,Mathews,george.mathews@gmail.com,4.13149062440162E+018,/opt/airflow/data/incomingcsv/transaction_CUST000093.pdf,Canada
CUST000094,Harry,Johnson,harry.johnson@outlook.com,4594176723581,/opt/airflow/data/incomingcsv/transaction_CUST000094.pdf,Canada
CUST000095,Adriana,Miller,adriana.miller@gmail.com,2284541886044045,/opt/airflow/data/incomingcsv/transaction_CUST000095.pdf,Canada
CUST000096,Sean,Smith,sean.smith@outlook.com,36541919018029,/opt/airflow/data/incomingcsv/transaction_CUST000096.pdf,Canada
CUST000097,Patricia,Barnes,patricia.barnes@yahoo.com,3574137390816494,/opt/airflow/data/incomingcsv/transaction_CUST000097.pdf,Canada
CUST000098,Whitney,Mcmillan,whitney.mcmillan@gmail.com,6579949758009779,/opt/airflow/data/incomingcsv/transaction_CUST000098.pdf,Canada
CUST000099,Michelle,Huang,michelle.huang@example.com,2273941344892592,/opt/airflow/data/incomingcsv/transaction_CUST000099.pdf,Canada
CUST000100,Katie,Phillips,katie.phillips@gmail.com,180057298459654,/opt/airflow/data/incomingcsv/transaction_CUST000100.pdf,Canada
