po_number,partner_role,partner_id
PO61801,Payer,PART00741
PO15134,Carrier,PART00215
PO34520,Shipper,PART00891
PO25117,Carrier,PART00953
PO16652,Shipper,PART00039
PO38617,Legal Rep,PART00991
PO86422,Shipper,PART00843
PO91455,Vendor,PART00198
PO93252,Carrier,PART00232
PO25355,Vendor,PART00320
PO83251,Payer,PART00230
PO49598,Carrier,PART00067
PO24484,Payer,PART00817
PO11185,Vendor,PART00868
PO36642,Legal Rep,PART00073
PO68995,Shipper,PART00518
PO41949,Vendor,PART00768
PO20425,Legal Rep,PART00083
PO38096,Carrier,PART00588
PO93022,Carrier,PART00780
PO26347,Vendor,PART00488
PO48896,Shipper,PART00684
PO13305,Carrier,PART00208
PO39281,Vendor,PART00059
PO38646,Shipper,PART00578
PO99137,Legal Rep,PART00513
PO49182,Shipper,PART00935
PO49043,Payer,PART00464
PO98947,Carrier,PART00506
PO24193,Shipper,PART00448
PO81100,Payer,PART00480
PO55976,Shipper,PART00240
PO14658,Shipper,PART00177
PO11440,Legal Rep,PART00411
PO12997,Shipper,PART00639
PO73310,Payer,PART00114
PO17200,Vendor,PART00255
PO39310,Vendor,PART00321
PO39779,Shipper,PART00040
PO55879,Shipper,PART00520
PO56405,Shipper,PART00456
PO83706,Legal Rep,PART00456
PO26916,Legal Rep,PART00443
PO41827,Legal Rep,PART00460
PO48492,Legal Rep,PART00400
PO28768,Payer,PART00608
PO67057,Carrier,PART00950
PO51019,Legal Rep,PART00899
PO22399,Carrier,PART00646
PO38485,Payer,PART00564
PO87279,Vendor,PART00520
PO44801,Shipper,PART00348
PO23398,Payer,PART00126
PO75406,Carrier,PART00258
PO33155,Carrier,PART00743
PO12106,Shipper,PART00142
PO31671,Shipper,PART00972
PO18038,Payer,PART00052
PO47554,Payer,PART00739
PO98108,Carrier,PART00245
PO36396,Payer,PART00813
PO50113,Shipper,PART00233
PO59687,Payer,PART00061
PO73620,Legal Rep,PART00046
PO54893,Carrier,PART00680
PO54225,Carrier,PART00066
PO80156,Carrier,PART00290
PO44113,Vendor,PART00994
PO72928,Payer,PART00987
PO57629,Payer,PART00761
PO35208,Shipper,PART00744
PO89295,Payer,PART00317
PO81285,Payer,PART00698
PO96447,Vendor,PART00606
PO18958,Vendor,PART00913
PO41145,Carrier,PART00685
PO89235,Legal Rep,PART00238
PO40446,Legal Rep,PART00818
PO15106,Vendor,PART00503
PO73692,Shipper,PART00310
PO19789,Shipper,PART00087
PO86913,Payer,PART00564
PO61847,Carrier,PART00189
PO93740,Vendor,PART00781
PO56578,Carrier,PART00350
PO97258,Payer,PART00270
PO64753,Payer,PART00436
PO68331,Payer,PART00794
PO84475,Payer,PART00682
PO64278,Shipper,PART00942
PO23892,Vendor,PART00419
PO67503,Payer,PART00116
PO29546,Shipper,PART00938
PO62920,Legal Rep,PART00331
PO18534,Legal Rep,PART00352
PO66803,Legal Rep,PART00157
PO62829,Legal Rep,PART00879
PO67980,Carrier,PART00289
PO20230,Vendor,PART00988
PO48544,Payer,PART00711
