{
  "annotations": {
    "list": []
  },
  "editable": true,
  "panels": [
    {
      "type": "stat",
      "title": "Scheduler Heartbeat",
      "datasource": "Prometheus",
      "targets": [
        {
          "expr": "airflow_scheduler_heartbeat",
          "legendFormat": "Scheduler"
        }
      ],
      "options": {
        "reduceOptions": {
          "calcs": ["lastNotNull"],
          "fields": "",
          "values": false
        },
        "orientation": "horizontal",
        "colorMode": "value",
        "graphMode": "none",
        "justifyMode": "center"
      },
      "fieldConfig": {
        "defaults": {
          "mappings": [
            { "type": "value", "options": { "1": { "text": "Healthy", "color": "green" }, "0": { "text": "Down", "color": "red" } } }
          ],
          "thresholds": {
            "mode": "absolute",
            "steps": [{ "color": "red", "value": null }, { "color": "green", "value": 1 }]
          }
        }
      },
      "gridPos": { "h": 4, "w": 6, "x": 0, "y": 0 }
    },
    {
      "type": "timeSeries",
      "title": "DAG Run Count",
      "datasource": "Prometheus",
      "targets": [
        {
          "expr": "rate(airflow_dag_run_total[5m])",
          "legendFormat": "{{dag_id}}"
        }
      ],
      "fieldConfig": { "defaults": { "unit": "short" } },
      "gridPos": { "h": 8, "w": 12, "x": 6, "y": 0 }
    },
    {
      "type": "timeSeries",
      "title": "Task Duration (Seconds)",
      "datasource": "Prometheus",
      "targets": [
        {
          "expr": "airflow_task_duration_seconds",
          "legendFormat": "{{dag_id}}.{{task_id}}"
        }
      ],
      "fieldConfig": { "defaults": { "unit": "s" } },
      "gridPos": { "h": 8, "w": 12, "x": 0, "y": 4 }
    },
    {
      "type": "table",
      "title": "Task Failures",
      "datasource": "Prometheus",
      "targets": [
        {
          "expr": "airflow_task_failures_total",
          "legendFormat": "{{dag_id}}.{{task_id}}"
        }
      ],
      "fieldConfig": {
        "defaults": {
          "unit": "short",
          "color": { "mode": "thresholds" },
          "thresholds": {
            "mode": "absolute",
            "steps": [{ "color": "green", "value": null }, { "color": "red", "value": 1 }]
          }
        }
      },
      "options": { "showHeader": true },
      "gridPos": { "h": 8, "w": 12, "x": 0, "y": 12 }
    }
  ],
  "schemaVersion": 36,
  "style": "dark",
  "title": "Airflow Metrics Dashboard",
  "version": 1
}
