metadata,Category
"{""format"":""TABLE"",""documentQuality"":""PHOTO""}",Unknown
"{""format"":""CHART"",""documentQuality"":""CLEAN""}",Unknown
"{""format"":""TABLE"",""documentQuality"":""PHOTO""}",Unknown
"{""format"":""DELIVERY_NOTE"",""fontFamily"":""HELVETICA"",""documentQuality"":""LOW_QUALITY""}",Unknown
"{""format"":""EQUIPMENT_INSPECTION"",""fontFamily"":""TAHOMA"",""documentQuality"":""HIGH_QUALITY""}",Unknown
"{""format"":""BANK_CHECK"",""fontFamily"":""VERDANA"",""documentQuality"":""PHOTO""}",Unknown
"{""format"":""SHIPPING_INVOICE"",""fontFamily"":""ARIAL"",""documentQuality"":""LOW_QUALITY""}",Unknown
"{""format"":""REAL_ESTATE"",""fontFamily"":""GEORGIA"",""documentQuality"":""HIGH_QUALITY""}",Unknown
"{""format"":""SHIFT_SCHEDULE"",""rotation"":180,""fontFamily"":""TIMES_NEW_ROMAN"",""documentQuality"":""CLEAN""}",Unknown
"{""format"":""GLOSSARY"",""fontFamily"":""ARIAL"",""documentQuality"":""LOW_QUALITY""}",Unknown
"{""format"":""SHIPPING_INVOICE"",""fontFamily"":""ARIAL"",""documentQuality"":""LOW_QUALITY""}",Unknown
"{""format"":""NUTRITION"",""fontFamily"":""TIMES_NEW_ROMAN"",""documentQuality"":""HIGH_QUALITY""}",Unknown
"{""format"":""COMMERCIAL_LEASE_AGREEMENT"",""fontFamily"":""GEORGIA"",""documentQuality"":""CLEAN""}",Unknown
"{""format"":""CHART"",""documentQuality"":""CLEAN""}",Unknown
"{""format"":""REAL_ESTATE"",""fontFamily"":""TAHOMA"",""documentQuality"":""LOW_QUALITY""}",Unknown
"{""format"":""PAY_IN_SHEET"",""fontFamily"":""TAHOMA"",""documentQuality"":""HIGH_QUALITY""}",Unknown
"{""format"":""PHOTO_DOC"",""documentQuality"":""PHOTO""}",Unknown
"{""format"":""DELIVERY_NOTE"",""fontFamily"":""HELVETICA"",""documentQuality"":""LOW_QUALITY""}",Unknown
"{""format"":""PETITION_FORM"",""fontFamily"":""ARIAL"",""documentQuality"":""CLEAN""}",Unknown
"{""format"":""BANK_CHECK"",""fontFamily"":""VERDANA"",""documentQuality"":""CLEAN""}",Unknown
"{""format"":""PATENT"",""fontFamily"":""COURIER_NEW"",""documentQuality"":""CLEAN""}",Unknown
"{""format"":""CREDIT_CARD_STATEMENT"",""fontFamily"":""TIMES_NEW_ROMAN"",""documentQuality"":""LOW_QUALITY""}",Unknown
"{""format"":""FORM_1040"",""rotation"":180,""fontFamily"":""COURIER_NEW"",""documentQuality"":""CLEAN""}",Unknown
"{""format"":""DELIVERY_NOTE"",""fontFamily"":""GEORGIA"",""documentQuality"":""LOW_QUALITY""}",Unknown
"{""format"":""SHIPPING_INVOICE"",""fontFamily"":""GEORGIA"",""documentQuality"":""PHOTO""}",Unknown
"{""format"":""COMMERCIAL_LEASE_AGREEMENT"",""fontFamily"":""COURIER_NEW"",""documentQuality"":""HIGH_QUALITY""}",Unknown
"{""format"":""SHIPPING_INVOICE"",""fontFamily"":""TAHOMA"",""documentQuality"":""LOW_QUALITY""}",Unknown
"{""format"":""REAL_ESTATE"",""fontFamily"":""TIMES_NEW_ROMAN"",""documentQuality"":""HIGH_QUALITY""}",Unknown
"{""format"":""PETITION_FORM"",""fontFamily"":""GEORGIA"",""documentQuality"":""HIGH_QUALITY""}",Unknown
"{""format"":""PROXY_VOTING"",""fontFamily"":""HELVETICA"",""documentQuality"":""CLEAN""}",Unknown
"{""format"":""GLOSSARY"",""fontFamily"":""HELVETICA"",""documentQuality"":""CLEAN""}",Unknown
"{""format"":""REAL_ESTATE"",""fontFamily"":""GEORGIA"",""documentQuality"":""LOW_QUALITY""}",Unknown
"{""format"":""PROXY_VOTING"",""fontFamily"":""TIMES_NEW_ROMAN"",""documentQuality"":""CLEAN""}",Unknown
"{""format"":""CREDIT_CARD_STATEMENT"",""fontFamily"":""GEORGIA"",""documentQuality"":""HIGH_QUALITY""}",Unknown
"{""format"":""COMMERCIAL_LEASE_AGREEMENT"",""fontFamily"":""TIMES_NEW_ROMAN"",""documentQuality"":""HIGH_QUALITY""}",Unknown
"{""format"":""PHOTO_TABLE"",""documentQuality"":""PHOTO""}",Unknown
"{""format"":""PAY_IN_SHEET"",""fontFamily"":""COURIER_NEW"",""documentQuality"":""HIGH_QUALITY""}",Unknown
"{""format"":""PATIENT_INTAKE"",""fontFamily"":""TIMES_NEW_ROMAN"",""documentQuality"":""LOW_QUALITY""}",Unknown
"{""format"":""PROXY_VOTING"",""fontFamily"":""VERDANA"",""documentQuality"":""HIGH_QUALITY""}",Unknown
"{""format"":""REAL_ESTATE"",""fontFamily"":""HELVETICA"",""documentQuality"":""LOW_QUALITY""}",Unknown
"{""format"":""PHOTO_RECEIPT"",""documentQuality"":""PHOTO""}",Unknown
"{""format"":""REAL_ESTATE"",""fontFamily"":""HELVETICA"",""documentQuality"":""PHOTO""}",Unknown
"{""format"":""SHIPPING_INVOICE"",""fontFamily"":""COURIER_NEW"",""documentQuality"":""LOW_QUALITY""}",Unknown
"{""format"":""PATIENT_INTAKE"",""fontFamily"":""HELVETICA"",""documentQuality"":""CLEAN""}",Unknown
"{""format"":""EQUIPMENT_INSPECTION"",""fontFamily"":""GEORGIA"",""documentQuality"":""HIGH_QUALITY""}",Unknown
"{""format"":""EQUIPMENT_INSPECTION"",""fontFamily"":""ARIAL"",""documentQuality"":""HIGH_QUALITY""}",Unknown
"{""format"":""CHART"",""documentQuality"":""CLEAN""}",Unknown
"{""format"":""SHIPPING_INVOICE"",""fontFamily"":""COURIER_NEW"",""documentQuality"":""LOW_QUALITY""}",Unknown
"{""format"":""SHIFT_SCHEDULE"",""fontFamily"":""GEORGIA"",""documentQuality"":""LOW_QUALITY""}",Unknown
"{""format"":""CHART"",""documentQuality"":""PHOTO""}",Unknown
"{""format"":""BANK_CHECK"",""fontFamily"":""TAHOMA"",""documentQuality"":""CLEAN""}",Unknown
"{""format"":""PATENT"",""fontFamily"":""GEORGIA"",""documentQuality"":""LOW_QUALITY""}",Unknown
"{""format"":""FORM_1040"",""fontFamily"":""ARIAL"",""documentQuality"":""HIGH_QUALITY""}",Unknown
"{""format"":""COMMERCIAL_LEASE_AGREEMENT"",""fontFamily"":""COURIER_NEW"",""documentQuality"":""HIGH_QUALITY""}",Unknown
"{""format"":""DELIVERY_NOTE"",""fontFamily"":""TAHOMA"",""documentQuality"":""HIGH_QUALITY""}",Unknown
"{""format"":""GLOSSARY"",""fontFamily"":""ARIAL"",""documentQuality"":""HIGH_QUALITY""}",Unknown
"{""format"":""PETITION_FORM"",""fontFamily"":""HELVETICA"",""documentQuality"":""LOW_QUALITY""}",Unknown
"{""format"":""CHART"",""documentQuality"":""CLEAN""}",Unknown
"{""format"":""FORM_1040"",""fontFamily"":""COURIER_NEW"",""documentQuality"":""CLEAN""}",Unknown
"{""format"":""PAY_IN_SHEET"",""fontFamily"":""TIMES_NEW_ROMAN"",""documentQuality"":""HIGH_QUALITY""}",Unknown
"{""format"":""BANK_CHECK"",""fontFamily"":""TIMES_NEW_ROMAN"",""documentQuality"":""HIGH_QUALITY""}",Unknown
"{""format"":""PAY_IN_SHEET"",""fontFamily"":""ARIAL"",""documentQuality"":""HIGH_QUALITY""}",Unknown
"{""format"":""PETITION_FORM"",""fontFamily"":""GEORGIA"",""documentQuality"":""HIGH_QUALITY""}",Unknown
"{""format"":""PATENT"",""fontFamily"":""COURIER_NEW"",""documentQuality"":""CLEAN""}",Unknown
"{""format"":""GLOSSARY"",""rotation"":180,""fontFamily"":""TAHOMA"",""documentQuality"":""CLEAN""}",Unknown
"{""format"":""DELIVERY_NOTE"",""fontFamily"":""GEORGIA"",""documentQuality"":""HIGH_QUALITY""}",Unknown
"{""format"":""PROXY_VOTING"",""fontFamily"":""GEORGIA"",""documentQuality"":""LOW_QUALITY""}",Unknown
"{""format"":""BANK_CHECK"",""fontFamily"":""COURIER_NEW"",""documentQuality"":""CLEAN""}",Unknown
"{""format"":""CHART"",""documentQuality"":""CLEAN""}",Unknown
"{""format"":""DELIVERY_NOTE"",""fontFamily"":""ARIAL"",""documentQuality"":""CLEAN""}",Unknown
"{""format"":""NUTRITION"",""fontFamily"":""VERDANA"",""documentQuality"":""CLEAN""}",Unknown
"{""format"":""SHIFT_SCHEDULE"",""fontFamily"":""COURIER_NEW"",""documentQuality"":""CLEAN""}",Unknown
"{""format"":""PATENT"",""fontFamily"":""GEORGIA"",""documentQuality"":""LOW_QUALITY""}",Unknown
"{""format"":""GLOSSARY"",""fontFamily"":""COURIER_NEW"",""documentQuality"":""LOW_QUALITY""}",Unknown
"{""format"":""BANK_CHECK"",""fontFamily"":""ARIAL"",""documentQuality"":""LOW_QUALITY""}",Unknown
"{""format"":""COMMERCIAL_LEASE_AGREEMENT"",""fontFamily"":""VERDANA"",""documentQuality"":""LOW_QUALITY""}",Unknown
"{""format"":""ACCOUNT_STATEMENT"",""fontFamily"":""TIMES_NEW_ROMAN"",""documentQuality"":""CLEAN""}",Unknown
"{""format"":""CREDIT_CARD_STATEMENT"",""fontFamily"":""VERDANA"",""documentQuality"":""CLEAN""}",Unknown
"{""format"":""TABLE"",""documentQuality"":""PHOTO""}",Unknown
"{""format"":""BANK_CHECK"",""fontFamily"":""GEORGIA"",""documentQuality"":""PHOTO""}",Unknown
"{""format"":""DELIVERY_NOTE"",""fontFamily"":""VERDANA"",""documentQuality"":""CLEAN""}",Unknown
"{""format"":""GLOSSARY"",""fontFamily"":""HELVETICA"",""documentQuality"":""HIGH_QUALITY""}",Unknown
"{""format"":""PATENT"",""fontFamily"":""TAHOMA"",""documentQuality"":""LOW_QUALITY""}",Unknown
"{""format"":""FORM_1040"",""fontFamily"":""ARIAL"",""documentQuality"":""CLEAN""}",Unknown
"{""format"":""SHIFT_SCHEDULE"",""fontFamily"":""ARIAL"",""documentQuality"":""LOW_QUALITY""}",Unknown
"{""format"":""FORM_1040"",""fontFamily"":""TAHOMA"",""documentQuality"":""HIGH_QUALITY""}",Unknown
"{""format"":""DELIVERY_NOTE"",""fontFamily"":""COURIER_NEW"",""documentQuality"":""LOW_QUALITY""}",Unknown
"{""format"":""PAY_IN_SHEET"",""fontFamily"":""ARIAL"",""documentQuality"":""LOW_QUALITY""}",Unknown
"{""format"":""REAL_ESTATE"",""rotation"":270,""fontFamily"":""COURIER_NEW"",""documentQuality"":""CLEAN""}",Unknown
"{""format"":""COMMERCIAL_LEASE_AGREEMENT"",""fontFamily"":""HELVETICA"",""documentQuality"":""LOW_QUALITY""}",Unknown
"{""format"":""CHART"",""documentQuality"":""CLEAN""}",Unknown
"{""format"":""ACCOUNT_STATEMENT"",""fontFamily"":""COURIER_NEW"",""documentQuality"":""LOW_QUALITY""}",Unknown
"{""format"":""PAY_IN_SHEET"",""fontFamily"":""COURIER_NEW"",""documentQuality"":""HIGH_QUALITY""}",Unknown
"{""format"":""PETITION_FORM"",""fontFamily"":""TAHOMA"",""documentQuality"":""LOW_QUALITY""}",Unknown
"{""format"":""COMMERCIAL_LEASE_AGREEMENT"",""fontFamily"":""TAHOMA"",""documentQuality"":""HIGH_QUALITY""}",Unknown
"{""format"":""PROXY_VOTING"",""fontFamily"":""TAHOMA"",""documentQuality"":""HIGH_QUALITY""}",Unknown
"{""format"":""GLOSSARY"",""fontFamily"":""TAHOMA"",""documentQuality"":""HIGH_QUALITY""}",Unknown
"{""format"":""EQUIPMENT_INSPECTION"",""fontFamily"":""TAHOMA"",""documentQuality"":""LOW_QUALITY""}",Unknown
"{""format"":""PROXY_VOTING"",""fontFamily"":""GEORGIA"",""documentQuality"":""HIGH_QUALITY""}",Unknown
"{""format"":""GLOSSARY"",""fontFamily"":""TAHOMA"",""documentQuality"":""CLEAN""}",Unknown
