{
  "Records": {
    "Record": [
      {
        "Email": "scott.smith@gmail.com",
        "Country": "Japan",
        "LastName": "Smith",
        "FirstName": "Scott",
        "CustomerID": "CUST000001",
        "Attachments": {
          "Attachment": [
            {
              "Size": 0,
              "EASFile": null,
              "FilePath": "/opt/airflow/data/incomingcsv/transaction_CUST000001.pdf",
              "checksum": null,
              "mimetype": "application/pdf"
            }
          ]
        },
        "CreditCardNumber": "3531333170865619"
      },
      {
        "Email": "kimberly.vargas@outlook.com",
        "Country": "Japan",
        "LastName": "Vargas",
        "FirstName": "Kimberly",
        "CustomerID": "CUST000002",
        "Attachments": {
          "Attachment": [
            {
              "Size": 0,
              "EASFile": null,
              "FilePath": "/opt/airflow/data/incomingcsv/transaction_CUST000002.pdf",
              "checksum": null,
              "mimetype": "application/pdf"
            }
          ]
        },
        "CreditCardNumber": "376572146389790"
      },
      {
        "Email": "kayla.wright@yahoo.com",
        "Country": "Japan",
        "LastName": "Wright",
        "FirstName": "Kayla",
        "CustomerID": "CUST000003",
        "Attachments": {
          "Attachment": [
            {
              "Size": 0,
              "EASFile": null,
              "FilePath": "/opt/airflow/data/incomingcsv/transaction_CUST000003.pdf",
              "checksum": null,
              "mimetype": "application/pdf"
            }
          ]
        },
        "CreditCardNumber": "3539285691890413"
      },
      {
        "Email": "harry.miranda@example.com",
        "Country": "Japan",
        "LastName": "Miranda",
        "FirstName": "Harry",
        "CustomerID": "CUST000004",
        "Attachments": {
          "Attachment": [
            {
              "Size": 0,
              "EASFile": null,
              "FilePath": "/opt/airflow/data/incomingcsv/transaction_CUST000004.pdf",
              "checksum": null,
              "mimetype": "application/pdf"
            }
          ]
        },
        "CreditCardNumber": "3507661645916702"
      },
      {
        "Email": "pamela.chen@gmail.com",
        "Country": "Japan",
        "LastName": "Chen",
        "FirstName": "Pamela",
        "CustomerID": "CUST000005",
        "Attachments": {
          "Attachment": [
            {
              "Size": 0,
              "EASFile": null,
              "FilePath": "/opt/airflow/data/incomingcsv/transaction_CUST000005.pdf",
              "checksum": null,
              "mimetype": "application/pdf"
            }
          ]
        },
        "CreditCardNumber": "6011978400241809"
      },
      {
        "Email": "roy.scott@yahoo.com",
        "Country": "Japan",
        "LastName": "Scott",
        "FirstName": "Roy",
        "CustomerID": "CUST000006",
        "Attachments": {
          "Attachment": [
            {
              "Size": 0,
              "EASFile": null,
              "FilePath": "/opt/airflow/data/incomingcsv/transaction_CUST000006.pdf",
              "checksum": null,
              "mimetype": "application/pdf"
            }
          ]
        },
        "CreditCardNumber": "4.05380849599179E+018"
      },
      {
        "Email": "christopher.davis@outlook.com",
        "Country": "Japan",
        "LastName": "Davis",
        "FirstName": "Christopher",
        "CustomerID": "CUST000007",
        "Attachments": {
          "Attachment": [
            {
              "Size": 0,
              "EASFile": null,
              "FilePath": "/opt/airflow/data/incomingcsv/transaction_CUST000007.pdf",
              "checksum": null,
              "mimetype": "application/pdf"
            }
          ]
        },
        "CreditCardNumber": "4961881236631"
      },
      {
        "Email": "jennifer.ramirez@yahoo.com",
        "Country": "Japan",
        "LastName": "Ramirez",
        "FirstName": "Jennifer",
        "CustomerID": "CUST000008",
        "Attachments": {
          "Attachment": [
            {
              "Size": 0,
              "EASFile": null,
              "FilePath": "/opt/airflow/data/incomingcsv/transaction_CUST000008.pdf",
              "checksum": null,
              "mimetype": "application/pdf"
            }
          ]
        },
        "CreditCardNumber": "2648683372772720"
      },
      {
        "Email": "elizabeth.adams@example.com",
        "Country": "Japan",
        "LastName": "Adams",
        "FirstName": "Elizabeth",
        "CustomerID": "CUST000009",
        "Attachments": {
          "Attachment": [
            {
              "Size": 0,
              "EASFile": null,
              "FilePath": "/opt/airflow/data/incomingcsv/transaction_CUST000009.pdf",
              "checksum": null,
              "mimetype": "application/pdf"
            }
          ]
        },
        "CreditCardNumber": "4.45449343175704E+018"
      },
      {
        "Email": "brian.brown@outlook.com",
        "Country": "Japan",
        "LastName": "Brown",
        "FirstName": "Brian",
        "CustomerID": "CUST000010",
        "Attachments": {
          "Attachment": [
            {
              "Size": 0,
              "EASFile": null,
              "FilePath": "/opt/airflow/data/incomingcsv/transaction_CUST000010.pdf",
              "checksum": null,
              "mimetype": "application/pdf"
            }
          ]
        },
        "CreditCardNumber": "4059645241438831"
      },
      {
        "Email": "bethany.hines@outlook.com",
        "Country": "Japan",
        "LastName": "Hines",
        "FirstName": "Bethany",
        "CustomerID": "CUST000011",
        "Attachments": {
          "Attachment": [
            {
              "Size": 0,
              "EASFile": null,
              "FilePath": "/opt/airflow/data/incomingcsv/transaction_CUST000011.pdf",
              "checksum": null,
              "mimetype": "application/pdf"
            }
          ]
        },
        "CreditCardNumber": "213141489810908"
      },
      {
        "Email": "carol.krause@outlook.com",
        "Country": "Japan",
        "LastName": "Krause",
        "FirstName": "Carol",
        "CustomerID": "CUST000012",
        "Attachments": {
          "Attachment": [
            {
              "Size": 0,
              "EASFile": null,
              "FilePath": "/opt/airflow/data/incomingcsv/transaction_CUST000012.pdf",
              "checksum": null,
              "mimetype": "application/pdf"
            }
          ]
        },
        "CreditCardNumber": "4.02790237514306E+018"
      },
      {
        "Email": "jenny.thompson@gmail.com",
        "Country": "Japan",
        "LastName": "Thompson",
        "FirstName": "Jenny",
        "CustomerID": "CUST000013",
        "Attachments": {
          "Attachment": [
            {
              "Size": 0,
              "EASFile": null,
              "FilePath": "/opt/airflow/data/incomingcsv/transaction_CUST000013.pdf",
              "checksum": null,
              "mimetype": "application/pdf"
            }
          ]
        },
        "CreditCardNumber": "6011690601938360"
      },
      {
        "Email": "lori.walker@outlook.com",
        "Country": "Japan",
        "LastName": "Walker",
        "FirstName": "Lori",
        "CustomerID": "CUST000014",
        "Attachments": {
          "Attachment": [
            {
              "Size": 0,
              "EASFile": null,
              "FilePath": "/opt/airflow/data/incomingcsv/transaction_CUST000014.pdf",
              "checksum": null,
              "mimetype": "application/pdf"
            }
          ]
        },
        "CreditCardNumber": "4033988845540235"
      },
      {
        "Email": "andrea.jones@yahoo.com",
        "Country": "Japan",
        "LastName": "Jones",
        "FirstName": "Andrea",
        "CustomerID": "CUST000015",
        "Attachments": {
          "Attachment": [
            {
              "Size": 0,
              "EASFile": null,
              "FilePath": "/opt/airflow/data/incomingcsv/transaction_CUST000015.pdf",
              "checksum": null,
              "mimetype": "application/pdf"
            }
          ]
        },
        "CreditCardNumber": "6554920206161917"
      },
      {
        "Email": "nicole.hobbs@example.com",
        "Country": "Japan",
        "LastName": "Hobbs",
        "FirstName": "Nicole",
        "CustomerID": "CUST000016",
        "Attachments": {
          "Attachment": [
            {
              "Size": 0,
              "EASFile": null,
              "FilePath": "/opt/airflow/data/incomingcsv/transaction_CUST000016.pdf",
              "checksum": null,
              "mimetype": "application/pdf"
            }
          ]
        },
        "CreditCardNumber": "6578352311700110"
      },
      {
        "Email": "jennifer.johnson@example.com",
        "Country": "Japan",
        "LastName": "Johnson",
        "FirstName": "Jennifer",
        "CustomerID": "CUST000017",
        "Attachments": {
          "Attachment": [
            {
              "Size": 0,
              "EASFile": null,
              "FilePath": "/opt/airflow/data/incomingcsv/transaction_CUST000017.pdf",
              "checksum": null,
              "mimetype": "application/pdf"
            }
          ]
        },
        "CreditCardNumber": "36329597581348"
      },
      {
        "Email": "rachel.mcclain@example.com",
        "Country": "Japan",
        "LastName": "Mcclain",
        "FirstName": "Rachel",
        "CustomerID": "CUST000018",
        "Attachments": {
          "Attachment": [
            {
              "Size": 0,
              "EASFile": null,
              "FilePath": "/opt/airflow/data/incomingcsv/transaction_CUST000018.pdf",
              "checksum": null,
              "mimetype": "application/pdf"
            }
          ]
        },
        "CreditCardNumber": "4.41936750796818E+018"
      },
      {
        "Email": "kristin.welch@gmail.com",
        "Country": "Japan",
        "LastName": "Welch",
        "FirstName": "Kristin",
        "CustomerID": "CUST000019",
        "Attachments": {
          "Attachment": [
            {
              "Size": 0,
              "EASFile": null,
              "FilePath": "/opt/airflow/data/incomingcsv/transaction_CUST000019.pdf",
              "checksum": null,
              "mimetype": "application/pdf"
            }
          ]
        },
        "CreditCardNumber": "4.34042719620646E+018"
      },
      {
        "Email": "nicholas.perry@gmail.com",
        "Country": "Japan",
        "LastName": "Perry",
        "FirstName": "Nicholas",
        "CustomerID": "CUST000020",
        "Attachments": {
          "Attachment": [
            {
              "Size": 0,
              "EASFile": null,
              "FilePath": "/opt/airflow/data/incomingcsv/transaction_CUST000020.pdf",
              "checksum": null,
              "mimetype": "application/pdf"
            }
          ]
        },
        "CreditCardNumber": "4752332241564912"
      },
      {
        "Email": "elizabeth.russell@outlook.com",
        "Country": "Japan",
        "LastName": "Russell",
        "FirstName": "Elizabeth",
        "CustomerID": "CUST000021",
        "Attachments": {
          "Attachment": [
            {
              "Size": 0,
              "EASFile": null,
              "FilePath": "/opt/airflow/data/incomingcsv/transaction_CUST000021.pdf",
              "checksum": null,
              "mimetype": "application/pdf"
            }
          ]
        },
        "CreditCardNumber": "3550933724709282"
      },
      {
        "Email": "tami.butler@gmail.com",
        "Country": "Japan",
        "LastName": "Butler",
        "FirstName": "Tami",
        "CustomerID": "CUST000022",
        "Attachments": {
          "Attachment": [
            {
              "Size": 0,
              "EASFile": null,
              "FilePath": "/opt/airflow/data/incomingcsv/transaction_CUST000022.pdf",
              "checksum": null,
              "mimetype": "application/pdf"
            }
          ]
        },
        "CreditCardNumber": "180068420308230"
      },
      {
        "Email": "samuel.strickland@outlook.com",
        "Country": "Japan",
        "LastName": "Strickland",
        "FirstName": "Samuel",
        "CustomerID": "CUST000023",
        "Attachments": {
          "Attachment": [
            {
              "Size": 0,
              "EASFile": null,
              "FilePath": "/opt/airflow/data/incomingcsv/transaction_CUST000023.pdf",
              "checksum": null,
              "mimetype": "application/pdf"
            }
          ]
        },
        "CreditCardNumber": "213108137376947"
      },
      {
        "Email": "troy.king@outlook.com",
        "Country": "Japan",
        "LastName": "King",
        "FirstName": "Troy",
        "CustomerID": "CUST000024",
        "Attachments": {
          "Attachment": [
            {
              "Size": 0,
              "EASFile": null,
              "FilePath": "/opt/airflow/data/incomingcsv/transaction_CUST000024.pdf",
              "checksum": null,
              "mimetype": "application/pdf"
            }
          ]
        },
        "CreditCardNumber": "4166547193393420"
      },
      {
        "Email": "jacob.turner@yahoo.com",
        "Country": "Japan",
        "LastName": "Turner",
        "FirstName": "Jacob",
        "CustomerID": "CUST000025",
        "Attachments": {
          "Attachment": [
            {
              "Size": 0,
              "EASFile": null,
              "FilePath": "/opt/airflow/data/incomingcsv/transaction_CUST000025.pdf",
              "checksum": null,
              "mimetype": "application/pdf"
            }
          ]
        },
        "CreditCardNumber": "30248585460339"
      },
      {
        "Email": "kenneth.gaines@outlook.com",
        "Country": "Japan",
        "LastName": "Gaines",
        "FirstName": "Kenneth",
        "CustomerID": "CUST000026",
        "Attachments": {
          "Attachment": [
            {
              "Size": 0,
              "EASFile": null,
              "FilePath": "/opt/airflow/data/incomingcsv/transaction_CUST000026.pdf",
              "checksum": null,
              "mimetype": "application/pdf"
            }
          ]
        },
        "CreditCardNumber": "4475673518478096"
      },
      {
        "Email": "kelli.hayes@yahoo.com",
        "Country": "Japan",
        "LastName": "Hayes",
        "FirstName": "Kelli",
        "CustomerID": "CUST000027",
        "Attachments": {
          "Attachment": [
            {
              "Size": 0,
              "EASFile": null,
              "FilePath": "/opt/airflow/data/incomingcsv/transaction_CUST000027.pdf",
              "checksum": null,
              "mimetype": "application/pdf"
            }
          ]
        },
        "CreditCardNumber": "501889133317"
      },
      {
        "Email": "nichole.romero@example.com",
        "Country": "Japan",
        "LastName": "Romero",
        "FirstName": "Nichole",
        "CustomerID": "CUST000028",
        "Attachments": {
          "Attachment": [
            {
              "Size": 0,
              "EASFile": null,
              "FilePath": "/opt/airflow/data/incomingcsv/transaction_CUST000028.pdf",
              "checksum": null,
              "mimetype": "application/pdf"
            }
          ]
        },
        "CreditCardNumber": "4543214613676"
      },
      {
        "Email": "jeremy.palmer@yahoo.com",
        "Country": "Japan",
        "LastName": "Palmer",
        "FirstName": "Jeremy",
        "CustomerID": "CUST000029",
        "Attachments": {
          "Attachment": [
            {
              "Size": 0,
              "EASFile": null,
              "FilePath": "/opt/airflow/data/incomingcsv/transaction_CUST000029.pdf",
              "checksum": null,
              "mimetype": "application/pdf"
            }
          ]
        },
        "CreditCardNumber": "503823378073"
      },
      {
        "Email": "paul.ruiz@gmail.com",
        "Country": "Japan",
        "LastName": "Ruiz",
        "FirstName": "Paul",
        "CustomerID": "CUST000030",
        "Attachments": {
          "Attachment": [
            {
              "Size": 0,
              "EASFile": null,
              "FilePath": "/opt/airflow/data/incomingcsv/transaction_CUST000030.pdf",
              "checksum": null,
              "mimetype": "application/pdf"
            }
          ]
        },
        "CreditCardNumber": "4850463285422427"
      },
      {
        "Email": "janice.farmer@yahoo.com",
        "Country": "Albania ",
        "LastName": "Farmer",
        "FirstName": "Janice",
        "CustomerID": "CUST000031",
        "Attachments": {
          "Attachment": [
            {
              "Size": 0,
              "EASFile": null,
              "FilePath": "/opt/airflow/data/incomingcsv/transaction_CUST000031.pdf",
              "checksum": null,
              "mimetype": "application/pdf"
            }
          ]
        },
        "CreditCardNumber": "4.88809608086268E+018"
      },
      {
        "Email": "jessica.mcintyre@gmail.com",
        "Country": "Albania ",
        "LastName": "Mcintyre",
        "FirstName": "Jessica",
        "CustomerID": "CUST000032",
        "Attachments": {
          "Attachment": [
            {
              "Size": 0,
              "EASFile": null,
              "FilePath": "/opt/airflow/data/incomingcsv/transaction_CUST000032.pdf",
              "checksum": null,
              "mimetype": "application/pdf"
            }
          ]
        },
        "CreditCardNumber": "4.09482496090795E+018"
      },
      {
        "Email": "kathryn.bryant@yahoo.com",
        "Country": "Albania ",
        "LastName": "Bryant",
        "FirstName": "Kathryn",
        "CustomerID": "CUST000033",
        "Attachments": {
          "Attachment": [
            {
              "Size": 0,
              "EASFile": null,
              "FilePath": "/opt/airflow/data/incomingcsv/transaction_CUST000033.pdf",
              "checksum": null,
              "mimetype": "application/pdf"
            }
          ]
        },
        "CreditCardNumber": "4916290451528"
      },
      {
        "Email": "jennifer.combs@example.com",
        "Country": "Albania ",
        "LastName": "Combs",
        "FirstName": "Jennifer",
        "CustomerID": "CUST000034",
        "Attachments": {
          "Attachment": [
            {
              "Size": 0,
              "EASFile": null,
              "FilePath": "/opt/airflow/data/incomingcsv/transaction_CUST000034.pdf",
              "checksum": null,
              "mimetype": "application/pdf"
            }
          ]
        },
        "CreditCardNumber": "676199518447"
      },
      {
        "Email": "bradley.woods@example.com",
        "Country": "Albania ",
        "LastName": "Woods",
        "FirstName": "Bradley",
        "CustomerID": "CUST000035",
        "Attachments": {
          "Attachment": [
            {
              "Size": 0,
              "EASFile": null,
              "FilePath": "/opt/airflow/data/incomingcsv/transaction_CUST000035.pdf",
              "checksum": null,
              "mimetype": "application/pdf"
            }
          ]
        },
        "CreditCardNumber": "2279056726354931"
      },
      {
        "Email": "mathew.hart@outlook.com",
        "Country": "Albania ",
        "LastName": "Hart",
        "FirstName": "Mathew",
        "CustomerID": "CUST000036",
        "Attachments": {
          "Attachment": [
            {
              "Size": 0,
              "EASFile": null,
              "FilePath": "/opt/airflow/data/incomingcsv/transaction_CUST000036.pdf",
              "checksum": null,
              "mimetype": "application/pdf"
            }
          ]
        },
        "CreditCardNumber": "3536354799247133"
      },
      {
        "Email": "paul.hall@outlook.com",
        "Country": "Albania ",
        "LastName": "Hall",
        "FirstName": "Paul",
        "CustomerID": "CUST000037",
        "Attachments": {
          "Attachment": [
            {
              "Size": 0,
              "EASFile": null,
              "FilePath": "/opt/airflow/data/incomingcsv/transaction_CUST000037.pdf",
              "checksum": null,
              "mimetype": "application/pdf"
            }
          ]
        },
        "CreditCardNumber": "4959763412050474"
      },
      {
        "Email": "james.archer@example.com",
        "Country": "Albania ",
        "LastName": "Archer",
        "FirstName": "James",
        "CustomerID": "CUST000038",
        "Attachments": {
          "Attachment": [
            {
              "Size": 0,
              "EASFile": null,
              "FilePath": "/opt/airflow/data/incomingcsv/transaction_CUST000038.pdf",
              "checksum": null,
              "mimetype": "application/pdf"
            }
          ]
        },
        "CreditCardNumber": "2235210854768908"
      },
      {
        "Email": "rebecca.serrano@gmail.com",
        "Country": "Albania ",
        "LastName": "Serrano",
        "FirstName": "Rebecca",
        "CustomerID": "CUST000039",
        "Attachments": {
          "Attachment": [
            {
              "Size": 0,
              "EASFile": null,
              "FilePath": "/opt/airflow/data/incomingcsv/transaction_CUST000039.pdf",
              "checksum": null,
              "mimetype": "application/pdf"
            }
          ]
        },
        "CreditCardNumber": "3540067901827329"
      },
      {
        "Email": "christian.hernandez@outlook.com",
        "Country": "Albania ",
        "LastName": "Hernandez",
        "FirstName": "Christian",
        "CustomerID": "CUST000040",
        "Attachments": {
          "Attachment": [
            {
              "Size": 0,
              "EASFile": null,
              "FilePath": "/opt/airflow/data/incomingcsv/transaction_CUST000040.pdf",
              "checksum": null,
              "mimetype": "application/pdf"
            }
          ]
        },
        "CreditCardNumber": "4141077336550223"
      },
      {
        "Email": "tracy.baird@outlook.com",
        "Country": "Albania ",
        "LastName": "Baird",
        "FirstName": "Tracy",
        "CustomerID": "CUST000041",
        "Attachments": {
          "Attachment": [
            {
              "Size": 0,
              "EASFile": null,
              "FilePath": "/opt/airflow/data/incomingcsv/transaction_CUST000041.pdf",
              "checksum": null,
              "mimetype": "application/pdf"
            }
          ]
        },
        "CreditCardNumber": "4.67871723224374E+018"
      },
      {
        "Email": "tony.nichols@example.com",
        "Country": "Albania ",
        "LastName": "Nichols",
        "FirstName": "Tony",
        "CustomerID": "CUST000042",
        "Attachments": {
          "Attachment": [
            {
              "Size": 0,
              "EASFile": null,
              "FilePath": "/opt/airflow/data/incomingcsv/transaction_CUST000042.pdf",
              "checksum": null,
              "mimetype": "application/pdf"
            }
          ]
        },
        "CreditCardNumber": "213102510927509"
      },
      {
        "Email": "valerie.kelly@example.com",
        "Country": "Albania ",
        "LastName": "Kelly",
        "FirstName": "Valerie",
        "CustomerID": "CUST000043",
        "Attachments": {
          "Attachment": [
            {
              "Size": 0,
              "EASFile": null,
              "FilePath": "/opt/airflow/data/incomingcsv/transaction_CUST000043.pdf",
              "checksum": null,
              "mimetype": "application/pdf"
            }
          ]
        },
        "CreditCardNumber": "4064428935284"
      },
      {
        "Email": "anthony.munoz@example.com",
        "Country": "Albania ",
        "LastName": "Munoz",
        "FirstName": "Anthony",
        "CustomerID": "CUST000044",
        "Attachments": {
          "Attachment": [
            {
              "Size": 0,
              "EASFile": null,
              "FilePath": "/opt/airflow/data/incomingcsv/transaction_CUST000044.pdf",
              "checksum": null,
              "mimetype": "application/pdf"
            }
          ]
        },
        "CreditCardNumber": "4121892672099591"
      },
      {
        "Email": "dawn.johnson@example.com",
        "Country": "Albania ",
        "LastName": "Johnson",
        "FirstName": "Dawn",
        "CustomerID": "CUST000045",
        "Attachments": {
          "Attachment": [
            {
              "Size": 0,
              "EASFile": null,
              "FilePath": "/opt/airflow/data/incomingcsv/transaction_CUST000045.pdf",
              "checksum": null,
              "mimetype": "application/pdf"
            }
          ]
        },
        "CreditCardNumber": "377911426705995"
      },
      {
        "Email": "emily.sanchez@outlook.com",
        "Country": "Albania ",
        "LastName": "Sanchez",
        "FirstName": "Emily",
        "CustomerID": "CUST000046",
        "Attachments": {
          "Attachment": [
            {
              "Size": 0,
              "EASFile": null,
              "FilePath": "/opt/airflow/data/incomingcsv/transaction_CUST000046.pdf",
              "checksum": null,
              "mimetype": "application/pdf"
            }
          ]
        },
        "CreditCardNumber": "213115517929179"
      },
      {
        "Email": "christina.hill@gmail.com",
        "Country": "Albania ",
        "LastName": "Hill",
        "FirstName": "Christina",
        "CustomerID": "CUST000047",
        "Attachments": {
          "Attachment": [
            {
              "Size": 0,
              "EASFile": null,
              "FilePath": "/opt/airflow/data/incomingcsv/transaction_CUST000047.pdf",
              "checksum": null,
              "mimetype": "application/pdf"
            }
          ]
        },
        "CreditCardNumber": "3586116496335308"
      },
      {
        "Email": "joseph.smith@outlook.com",
        "Country": "Albania ",
        "LastName": "Smith",
        "FirstName": "Joseph",
        "CustomerID": "CUST000048",
        "Attachments": {
          "Attachment": [
            {
              "Size": 0,
              "EASFile": null,
              "FilePath": "/opt/airflow/data/incomingcsv/transaction_CUST000048.pdf",
              "checksum": null,
              "mimetype": "application/pdf"
            }
          ]
        },
        "CreditCardNumber": "639034534664"
      },
      {
        "Email": "renee.haynes@outlook.com",
        "Country": "Albania ",
        "LastName": "Haynes",
        "FirstName": "Renee",
        "CustomerID": "CUST000049",
        "Attachments": {
          "Attachment": [
            {
              "Size": 0,
              "EASFile": null,
              "FilePath": "/opt/airflow/data/incomingcsv/transaction_CUST000049.pdf",
              "checksum": null,
              "mimetype": "application/pdf"
            }
          ]
        },
        "CreditCardNumber": "180089870386021"
      },
      {
        "Email": "amanda.brown@example.com",
        "Country": "Albania ",
        "LastName": "Brown",
        "FirstName": "Amanda",
        "CustomerID": "CUST000050",
        "Attachments": {
          "Attachment": [
            {
              "Size": 0,
              "EASFile": null,
              "FilePath": "/opt/airflow/data/incomingcsv/transaction_CUST000050.pdf",
              "checksum": null,
              "mimetype": "application/pdf"
            }
          ]
        },
        "CreditCardNumber": "572127054292"
      },
      {
        "Email": "heather.smith@gmail.com",
        "Country": "Australia",
        "LastName": "Smith",
        "FirstName": "Heather",
        "CustomerID": "CUST000051",
        "Attachments": {
          "Attachment": [
            {
              "Size": 0,
              "EASFile": null,
              "FilePath": "/opt/airflow/data/incomingcsv/transaction_CUST000051.pdf",
              "checksum": null,
              "mimetype": "application/pdf"
            }
          ]
        },
        "CreditCardNumber": "4010714039192998"
      },
      {
        "Email": "joseph.wilson@yahoo.com",
        "Country": "Australia",
        "LastName": "Wilson",
        "FirstName": "Joseph",
        "CustomerID": "CUST000052",
        "Attachments": {
          "Attachment": [
            {
              "Size": 0,
              "EASFile": null,
              "FilePath": "/opt/airflow/data/incomingcsv/transaction_CUST000052.pdf",
              "checksum": null,
              "mimetype": "application/pdf"
            }
          ]
        },
        "CreditCardNumber": "4279667317110452"
      },
      {
        "Email": "caleb.short@gmail.com",
        "Country": "Australia",
        "LastName": "Short",
        "FirstName": "Caleb",
        "CustomerID": "CUST000053",
        "Attachments": {
          "Attachment": [
            {
              "Size": 0,
              "EASFile": null,
              "FilePath": "/opt/airflow/data/incomingcsv/transaction_CUST000053.pdf",
              "checksum": null,
              "mimetype": "application/pdf"
            }
          ]
        },
        "CreditCardNumber": "2297047159129096"
      },
      {
        "Email": "karen.walton@yahoo.com",
        "Country": "Australia",
        "LastName": "Walton",
        "FirstName": "Karen",
        "CustomerID": "CUST000054",
        "Attachments": {
          "Attachment": [
            {
              "Size": 0,
              "EASFile": null,
              "FilePath": "/opt/airflow/data/incomingcsv/transaction_CUST000054.pdf",
              "checksum": null,
              "mimetype": "application/pdf"
            }
          ]
        },
        "CreditCardNumber": "30201041676832"
      },
      {
        "Email": "christian.joseph@example.com",
        "Country": "Australia",
        "LastName": "Joseph",
        "FirstName": "Christian",
        "CustomerID": "CUST000055",
        "Attachments": {
          "Attachment": [
            {
              "Size": 0,
              "EASFile": null,
              "FilePath": "/opt/airflow/data/incomingcsv/transaction_CUST000055.pdf",
              "checksum": null,
              "mimetype": "application/pdf"
            }
          ]
        },
        "CreditCardNumber": "30173134973451"
      },
      {
        "Email": "joseph.cook@outlook.com",
        "Country": "Australia",
        "LastName": "Cook",
        "FirstName": "Joseph",
        "CustomerID": "CUST000056",
        "Attachments": {
          "Attachment": [
            {
              "Size": 0,
              "EASFile": null,
              "FilePath": "/opt/airflow/data/incomingcsv/transaction_CUST000056.pdf",
              "checksum": null,
              "mimetype": "application/pdf"
            }
          ]
        },
        "CreditCardNumber": "6560341299660305"
      },
      {
        "Email": "dalton.rubio@gmail.com",
        "Country": "Australia",
        "LastName": "Rubio",
        "FirstName": "Dalton",
        "CustomerID": "CUST000057",
        "Attachments": {
          "Attachment": [
            {
              "Size": 0,
              "EASFile": null,
              "FilePath": "/opt/airflow/data/incomingcsv/transaction_CUST000057.pdf",
              "checksum": null,
              "mimetype": "application/pdf"
            }
          ]
        },
        "CreditCardNumber": "3564373483071307"
      },
      {
        "Email": "mariah.harris@gmail.com",
        "Country": "Australia",
        "LastName": "Harris",
        "FirstName": "Mariah",
        "CustomerID": "CUST000058",
        "Attachments": {
          "Attachment": [
            {
              "Size": 0,
              "EASFile": null,
              "FilePath": "/opt/airflow/data/incomingcsv/transaction_CUST000058.pdf",
              "checksum": null,
              "mimetype": "application/pdf"
            }
          ]
        },
        "CreditCardNumber": "376715535271182"
      },
      {
        "Email": "stephanie.mack@gmail.com",
        "Country": "Australia",
        "LastName": "Mack",
        "FirstName": "Stephanie",
        "CustomerID": "CUST000059",
        "Attachments": {
          "Attachment": [
            {
              "Size": 0,
              "EASFile": null,
              "FilePath": "/opt/airflow/data/incomingcsv/transaction_CUST000059.pdf",
              "checksum": null,
              "mimetype": "application/pdf"
            }
          ]
        },
        "CreditCardNumber": "4299226818056"
      },
      {
        "Email": "christopher.manning@example.com",
        "Country": "Australia",
        "LastName": "Manning",
        "FirstName": "Christopher",
        "CustomerID": "CUST000060",
        "Attachments": {
          "Attachment": [
            {
              "Size": 0,
              "EASFile": null,
              "FilePath": "/opt/airflow/data/incomingcsv/transaction_CUST000060.pdf",
              "checksum": null,
              "mimetype": "application/pdf"
            }
          ]
        },
        "CreditCardNumber": "213170256924832"
      },
      {
        "Email": "eric.brown@example.com",
        "Country": "Australia",
        "LastName": "Brown",
        "FirstName": "Eric",
        "CustomerID": "CUST000061",
        "Attachments": {
          "Attachment": [
            {
              "Size": 0,
              "EASFile": null,
              "FilePath": "/opt/airflow/data/incomingcsv/transaction_CUST000061.pdf",
              "checksum": null,
              "mimetype": "application/pdf"
            }
          ]
        },
        "CreditCardNumber": "503828422546"
      },
      {
        "Email": "jason.ewing@yahoo.com",
        "Country": "Japan",
        "LastName": "Ewing",
        "FirstName": "Jason",
        "CustomerID": "CUST000062",
        "Attachments": {
          "Attachment": [
            {
              "Size": 0,
              "EASFile": null,
              "FilePath": "/opt/airflow/data/incomingcsv/transaction_CUST000062.pdf",
              "checksum": null,
              "mimetype": "application/pdf"
            }
          ]
        },
        "CreditCardNumber": "4311297167592"
      },
      {
        "Email": "amber.riley@gmail.com",
        "Country": "Japan",
        "LastName": "Riley",
        "FirstName": "Amber",
        "CustomerID": "CUST000063",
        "Attachments": {
          "Attachment": [
            {
              "Size": 0,
              "EASFile": null,
              "FilePath": "/opt/airflow/data/incomingcsv/transaction_CUST000063.pdf",
              "checksum": null,
              "mimetype": "application/pdf"
            }
          ]
        },
        "CreditCardNumber": "346995608754465"
      },
      {
        "Email": "michael.wilson@outlook.com",
        "Country": "Japan",
        "LastName": "Wilson",
        "FirstName": "Michael",
        "CustomerID": "CUST000064",
        "Attachments": {
          "Attachment": [
            {
              "Size": 0,
              "EASFile": null,
              "FilePath": "/opt/airflow/data/incomingcsv/transaction_CUST000064.pdf",
              "checksum": null,
              "mimetype": "application/pdf"
            }
          ]
        },
        "CreditCardNumber": "180041655618235"
      },
      {
        "Email": "shannon.taylor@gmail.com",
        "Country": "Japan",
        "LastName": "Taylor",
        "FirstName": "Shannon",
        "CustomerID": "CUST000065",
        "Attachments": {
          "Attachment": [
            {
              "Size": 0,
              "EASFile": null,
              "FilePath": "/opt/airflow/data/incomingcsv/transaction_CUST000065.pdf",
              "checksum": null,
              "mimetype": "application/pdf"
            }
          ]
        },
        "CreditCardNumber": "4557955958391629"
      },
      {
        "Email": "robert.adams@gmail.com",
        "Country": "Japan",
        "LastName": "Adams",
        "FirstName": "Robert",
        "CustomerID": "CUST000066",
        "Attachments": {
          "Attachment": [
            {
              "Size": 0,
              "EASFile": null,
              "FilePath": "/opt/airflow/data/incomingcsv/transaction_CUST000066.pdf",
              "checksum": null,
              "mimetype": "application/pdf"
            }
          ]
        },
        "CreditCardNumber": "373356374725872"
      },
      {
        "Email": "david.jackson@gmail.com",
        "Country": "Japan",
        "LastName": "Jackson",
        "FirstName": "David",
        "CustomerID": "CUST000067",
        "Attachments": {
          "Attachment": [
            {
              "Size": 0,
              "EASFile": null,
              "FilePath": "/opt/airflow/data/incomingcsv/transaction_CUST000067.pdf",
              "checksum": null,
              "mimetype": "application/pdf"
            }
          ]
        },
        "CreditCardNumber": "3560369658716670"
      },
      {
        "Email": "devin.oconnor@outlook.com",
        "Country": "Japan",
        "LastName": "Oconnor",
        "FirstName": "Devin",
        "CustomerID": "CUST000068",
        "Attachments": {
          "Attachment": [
            {
              "Size": 0,
              "EASFile": null,
              "FilePath": "/opt/airflow/data/incomingcsv/transaction_CUST000068.pdf",
              "checksum": null,
              "mimetype": "application/pdf"
            }
          ]
        },
        "CreditCardNumber": "3599712405257313"
      },
      {
        "Email": "heather.alvarez@example.com",
        "Country": "Japan",
        "LastName": "Alvarez",
        "FirstName": "Heather",
        "CustomerID": "CUST000069",
        "Attachments": {
          "Attachment": [
            {
              "Size": 0,
              "EASFile": null,
              "FilePath": "/opt/airflow/data/incomingcsv/transaction_CUST000069.pdf",
              "checksum": null,
              "mimetype": "application/pdf"
            }
          ]
        },
        "CreditCardNumber": "4257834669008520"
      },
      {
        "Email": "karen.roberts@example.com",
        "Country": "Japan",
        "LastName": "Roberts",
        "FirstName": "Karen",
        "CustomerID": "CUST000070",
        "Attachments": {
          "Attachment": [
            {
              "Size": 0,
              "EASFile": null,
              "FilePath": "/opt/airflow/data/incomingcsv/transaction_CUST000070.pdf",
              "checksum": null,
              "mimetype": "application/pdf"
            }
          ]
        },
        "CreditCardNumber": "4473458932119811"
      },
      {
        "Email": "ashley.daniels@example.com",
        "Country": "Japan",
        "LastName": "Daniels",
        "FirstName": "Ashley",
        "CustomerID": "CUST000071",
        "Attachments": {
          "Attachment": [
            {
              "Size": 0,
              "EASFile": null,
              "FilePath": "/opt/airflow/data/incomingcsv/transaction_CUST000071.pdf",
              "checksum": null,
              "mimetype": "application/pdf"
            }
          ]
        },
        "CreditCardNumber": "2292512570275690"
      },
      {
        "Email": "jennifer.thompson@example.com",
        "Country": "Japan",
        "LastName": "Thompson",
        "FirstName": "Jennifer",
        "CustomerID": "CUST000072",
        "Attachments": {
          "Attachment": [
            {
              "Size": 0,
              "EASFile": null,
              "FilePath": "/opt/airflow/data/incomingcsv/transaction_CUST000072.pdf",
              "checksum": null,
              "mimetype": "application/pdf"
            }
          ]
        },
        "CreditCardNumber": "3513372009849271"
      },
      {
        "Email": "christopher.fox@example.com",
        "Country": "Japan",
        "LastName": "Fox",
        "FirstName": "Christopher",
        "CustomerID": "CUST000073",
        "Attachments": {
          "Attachment": [
            {
              "Size": 0,
              "EASFile": null,
              "FilePath": "/opt/airflow/data/incomingcsv/transaction_CUST000073.pdf",
              "checksum": null,
              "mimetype": "application/pdf"
            }
          ]
        },
        "CreditCardNumber": "6568344488415202"
      },
      {
        "Email": "lawrence.joseph@outlook.com",
        "Country": "Japan",
        "LastName": "Joseph",
        "FirstName": "Lawrence",
        "CustomerID": "CUST000074",
        "Attachments": {
          "Attachment": [
            {
              "Size": 0,
              "EASFile": null,
              "FilePath": "/opt/airflow/data/incomingcsv/transaction_CUST000074.pdf",
              "checksum": null,
              "mimetype": "application/pdf"
            }
          ]
        },
        "CreditCardNumber": "4953817021647512"
      },
      {
        "Email": "thomas.andrade@yahoo.com",
        "Country": "Japan",
        "LastName": "Andrade",
        "FirstName": "Thomas",
        "CustomerID": "CUST000075",
        "Attachments": {
          "Attachment": [
            {
              "Size": 0,
              "EASFile": null,
              "FilePath": "/opt/airflow/data/incomingcsv/transaction_CUST000075.pdf",
              "checksum": null,
              "mimetype": "application/pdf"
            }
          ]
        },
        "CreditCardNumber": "213142761927493"
      },
      {
        "Email": "jeffery.scott@yahoo.com",
        "Country": "Japan",
        "LastName": "Scott",
        "FirstName": "Jeffery",
        "CustomerID": "CUST000076",
        "Attachments": {
          "Attachment": [
            {
              "Size": 0,
              "EASFile": null,
              "FilePath": "/opt/airflow/data/incomingcsv/transaction_CUST000076.pdf",
              "checksum": null,
              "mimetype": "application/pdf"
            }
          ]
        },
        "CreditCardNumber": "213129362348542"
      },
      {
        "Email": "tammy.evans@outlook.com",
        "Country": "Japan",
        "LastName": "Evans",
        "FirstName": "Tammy",
        "CustomerID": "CUST000077",
        "Attachments": {
          "Attachment": [
            {
              "Size": 0,
              "EASFile": null,
              "FilePath": "/opt/airflow/data/incomingcsv/transaction_CUST000077.pdf",
              "checksum": null,
              "mimetype": "application/pdf"
            }
          ]
        },
        "CreditCardNumber": "630482722596"
      },
      {
        "Email": "justin.williams@example.com",
        "Country": "Japan",
        "LastName": "Williams",
        "FirstName": "Justin",
        "CustomerID": "CUST000078",
        "Attachments": {
          "Attachment": [
            {
              "Size": 0,
              "EASFile": null,
              "FilePath": "/opt/airflow/data/incomingcsv/transaction_CUST000078.pdf",
              "checksum": null,
              "mimetype": "application/pdf"
            }
          ]
        },
        "CreditCardNumber": "4480091620553016"
      },
      {
        "Email": "erik.morris@example.com",
        "Country": "Canada",
        "LastName": "Morris",
        "FirstName": "Erik",
        "CustomerID": "CUST000079",
        "Attachments": {
          "Attachment": [
            {
              "Size": 0,
              "EASFile": null,
              "FilePath": "/opt/airflow/data/incomingcsv/transaction_CUST000079.pdf",
              "checksum": null,
              "mimetype": "application/pdf"
            }
          ]
        },
        "CreditCardNumber": "4203259544009086"
      },
      {
        "Email": "kelly.harris@yahoo.com",
        "Country": "Canada",
        "LastName": "Harris",
        "FirstName": "Kelly",
        "CustomerID": "CUST000080",
        "Attachments": {
          "Attachment": [
            {
              "Size": 0,
              "EASFile": null,
              "FilePath": "/opt/airflow/data/incomingcsv/transaction_CUST000080.pdf",
              "checksum": null,
              "mimetype": "application/pdf"
            }
          ]
        },
        "CreditCardNumber": "3551499991671216"
      },
      {
        "Email": "alex.moore@example.com",
        "Country": "Canada",
        "LastName": "Moore",
        "FirstName": "Alex",
        "CustomerID": "CUST000081",
        "Attachments": {
          "Attachment": [
            {
              "Size": 0,
              "EASFile": null,
              "FilePath": "/opt/airflow/data/incomingcsv/transaction_CUST000081.pdf",
              "checksum": null,
              "mimetype": "application/pdf"
            }
          ]
        },
        "CreditCardNumber": "213141501127489"
      },
      {
        "Email": "david.gonzalez@outlook.com",
        "Country": "Canada",
        "LastName": "Gonzalez",
        "FirstName": "David",
        "CustomerID": "CUST000082",
        "Attachments": {
          "Attachment": [
            {
              "Size": 0,
              "EASFile": null,
              "FilePath": "/opt/airflow/data/incomingcsv/transaction_CUST000082.pdf",
              "checksum": null,
              "mimetype": "application/pdf"
            }
          ]
        },
        "CreditCardNumber": "180062999729645"
      },
      {
        "Email": "tracey.payne@yahoo.com",
        "Country": "Canada",
        "LastName": "Payne",
        "FirstName": "Tracey",
        "CustomerID": "CUST000083",
        "Attachments": {
          "Attachment": [
            {
              "Size": 0,
              "EASFile": null,
              "FilePath": "/opt/airflow/data/incomingcsv/transaction_CUST000083.pdf",
              "checksum": null,
              "mimetype": "application/pdf"
            }
          ]
        },
        "CreditCardNumber": "213148984453134"
      },
      {
        "Email": "nicole.jackson@example.com",
        "Country": "Canada",
        "LastName": "Jackson",
        "FirstName": "Nicole",
        "CustomerID": "CUST000084",
        "Attachments": {
          "Attachment": [
            {
              "Size": 0,
              "EASFile": null,
              "FilePath": "/opt/airflow/data/incomingcsv/transaction_CUST000084.pdf",
              "checksum": null,
              "mimetype": "application/pdf"
            }
          ]
        },
        "CreditCardNumber": "3501330950807437"
      },
      {
        "Email": "sara.perez@example.com",
        "Country": "Canada",
        "LastName": "Perez",
        "FirstName": "Sara",
        "CustomerID": "CUST000085",
        "Attachments": {
          "Attachment": [
            {
              "Size": 0,
              "EASFile": null,
              "FilePath": "/opt/airflow/data/incomingcsv/transaction_CUST000085.pdf",
              "checksum": null,
              "mimetype": "application/pdf"
            }
          ]
        },
        "CreditCardNumber": "3534115418213083"
      },
      {
        "Email": "sarah.thompson@outlook.com",
        "Country": "Canada",
        "LastName": "Thompson",
        "FirstName": "Sarah",
        "CustomerID": "CUST000086",
        "Attachments": {
          "Attachment": [
            {
              "Size": 0,
              "EASFile": null,
              "FilePath": "/opt/airflow/data/incomingcsv/transaction_CUST000086.pdf",
              "checksum": null,
              "mimetype": "application/pdf"
            }
          ]
        },
        "CreditCardNumber": "4379768562707296"
      },
      {
        "Email": "benjamin.williamson@outlook.com",
        "Country": "Canada",
        "LastName": "Williamson",
        "FirstName": "Benjamin",
        "CustomerID": "CUST000087",
        "Attachments": {
          "Attachment": [
            {
              "Size": 0,
              "EASFile": null,
              "FilePath": "/opt/airflow/data/incomingcsv/transaction_CUST000087.pdf",
              "checksum": null,
              "mimetype": "application/pdf"
            }
          ]
        },
        "CreditCardNumber": "4028309292173759"
      },
      {
        "Email": "lindsey.ryan@yahoo.com",
        "Country": "Canada",
        "LastName": "Ryan",
        "FirstName": "Lindsey",
        "CustomerID": "CUST000088",
        "Attachments": {
          "Attachment": [
            {
              "Size": 0,
              "EASFile": null,
              "FilePath": "/opt/airflow/data/incomingcsv/transaction_CUST000088.pdf",
              "checksum": null,
              "mimetype": "application/pdf"
            }
          ]
        },
        "CreditCardNumber": "3518141289191448"
      },
      {
        "Email": "kelly.warren@outlook.com",
        "Country": "Canada",
        "LastName": "Warren",
        "FirstName": "Kelly",
        "CustomerID": "CUST000089",
        "Attachments": {
          "Attachment": [
            {
              "Size": 0,
              "EASFile": null,
              "FilePath": "/opt/airflow/data/incomingcsv/transaction_CUST000089.pdf",
              "checksum": null,
              "mimetype": "application/pdf"
            }
          ]
        },
        "CreditCardNumber": "5352980385832072"
      },
      {
        "Email": "pam.wells@example.com",
        "Country": "Canada",
        "LastName": "Wells",
        "FirstName": "Pam",
        "CustomerID": "CUST000090",
        "Attachments": {
          "Attachment": [
            {
              "Size": 0,
              "EASFile": null,
              "FilePath": "/opt/airflow/data/incomingcsv/transaction_CUST000090.pdf",
              "checksum": null,
              "mimetype": "application/pdf"
            }
          ]
        },
        "CreditCardNumber": "3561552887982796"
      },
      {
        "Email": "david.robinson@gmail.com",
        "Country": "Canada",
        "LastName": "Robinson",
        "FirstName": "David",
        "CustomerID": "CUST000091",
        "Attachments": {
          "Attachment": [
            {
              "Size": 0,
              "EASFile": null,
              "FilePath": "/opt/airflow/data/incomingcsv/transaction_CUST000091.pdf",
              "checksum": null,
              "mimetype": "application/pdf"
            }
          ]
        },
        "CreditCardNumber": "4144776883239505"
      },
      {
        "Email": "emily.knight@outlook.com",
        "Country": "Canada",
        "LastName": "Knight",
        "FirstName": "Emily",
        "CustomerID": "CUST000092",
        "Attachments": {
          "Attachment": [
            {
              "Size": 0,
              "EASFile": null,
              "FilePath": "/opt/airflow/data/incomingcsv/transaction_CUST000092.pdf",
              "checksum": null,
              "mimetype": "application/pdf"
            }
          ]
        },
        "CreditCardNumber": "502040011061"
      },
      {
        "Email": "george.mathews@gmail.com",
        "Country": "Canada",
        "LastName": "Mathews",
        "FirstName": "George",
        "CustomerID": "CUST000093",
        "Attachments": {
          "Attachment": [
            {
              "Size": 0,
              "EASFile": null,
              "FilePath": "/opt/airflow/data/incomingcsv/transaction_CUST000093.pdf",
              "checksum": null,
              "mimetype": "application/pdf"
            }
          ]
        },
        "CreditCardNumber": "4.13149062440162E+018"
      },
      {
        "Email": "harry.johnson@outlook.com",
        "Country": "Canada",
        "LastName": "Johnson",
        "FirstName": "Harry",
        "CustomerID": "CUST000094",
        "Attachments": {
          "Attachment": [
            {
              "Size": 0,
              "EASFile": null,
              "FilePath": "/opt/airflow/data/incomingcsv/transaction_CUST000094.pdf",
              "checksum": null,
              "mimetype": "application/pdf"
            }
          ]
        },
        "CreditCardNumber": "4594176723581"
      },
      {
        "Email": "adriana.miller@gmail.com",
        "Country": "Canada",
        "LastName": "Miller",
        "FirstName": "Adriana",
        "CustomerID": "CUST000095",
        "Attachments": {
          "Attachment": [
            {
              "Size": 0,
              "EASFile": null,
              "FilePath": "/opt/airflow/data/incomingcsv/transaction_CUST000095.pdf",
              "checksum": null,
              "mimetype": "application/pdf"
            }
          ]
        },
        "CreditCardNumber": "2284541886044045"
      },
      {
        "Email": "sean.smith@outlook.com",
        "Country": "Canada",
        "LastName": "Smith",
        "FirstName": "Sean",
        "CustomerID": "CUST000096",
        "Attachments": {
          "Attachment": [
            {
              "Size": 0,
              "EASFile": null,
              "FilePath": "/opt/airflow/data/incomingcsv/transaction_CUST000096.pdf",
              "checksum": null,
              "mimetype": "application/pdf"
            }
          ]
        },
        "CreditCardNumber": "36541919018029"
      },
      {
        "Email": "patricia.barnes@yahoo.com",
        "Country": "Canada",
        "LastName": "Barnes",
        "FirstName": "Patricia",
        "CustomerID": "CUST000097",
        "Attachments": {
          "Attachment": [
            {
              "Size": 0,
              "EASFile": null,
              "FilePath": "/opt/airflow/data/incomingcsv/transaction_CUST000097.pdf",
              "checksum": null,
              "mimetype": "application/pdf"
            }
          ]
        },
        "CreditCardNumber": "3574137390816494"
      },
      {
        "Email": "whitney.mcmillan@gmail.com",
        "Country": "Canada",
        "LastName": "Mcmillan",
        "FirstName": "Whitney",
        "CustomerID": "CUST000098",
        "Attachments": {
          "Attachment": [
            {
              "Size": 0,
              "EASFile": null,
              "FilePath": "/opt/airflow/data/incomingcsv/transaction_CUST000098.pdf",
              "checksum": null,
              "mimetype": "application/pdf"
            }
          ]
        },
        "CreditCardNumber": "6579949758009779"
      },
      {
        "Email": "michelle.huang@example.com",
        "Country": "Canada",
        "LastName": "Huang",
        "FirstName": "Michelle",
        "CustomerID": "CUST000099",
        "Attachments": {
          "Attachment": [
            {
              "Size": 0,
              "EASFile": null,
              "FilePath": "/opt/airflow/data/incomingcsv/transaction_CUST000099.pdf",
              "checksum": null,
              "mimetype": "application/pdf"
            }
          ]
        },
        "CreditCardNumber": "2273941344892592"
      },
      {
        "Email": "katie.phillips@gmail.com",
        "Country": "Canada",
        "LastName": "Phillips",
        "FirstName": "Katie",
        "CustomerID": "CUST000100",
        "Attachments": {
          "Attachment": [
            {
              "Size": 0,
              "EASFile": null,
              "FilePath": "/opt/airflow/data/incomingcsv/transaction_CUST000100.pdf",
              "checksum": null,
              "mimetype": "application/pdf"
            }
          ]
        },
        "CreditCardNumber": "180057298459654"
      }
    ]
  }
}